{
    "loss": 12.60419750213623,
    "accuracy": 0.5292380452156067
}